StartPhase,FreezeBlock,FreezeCenter,CenterOccurrences,FreezeEvents,SearchResets,FinalMode,FinalLocked,FinalWindowEvents,FirstCaptureBlock
0,4393,11,1030,100,0,11,1,172,2971
4,4564,11,1171,100,0,11,1,168,2953
8,4389,11,1026,100,0,11,1,167,2940
12,4516,11,1108,100,0,11,1,157,2762
16,4397,11,1095,100,0,11,1,169,2860
20,4643,11,1186,100,0,11,1,168,2954
24,4362,12,1097,100,0,12,1,154,2860
28,4445,11,1085,100,0,11,1,170,2879
32,4564,11,1195,100,0,11,1,168,2944
36,4298,12,1080,100,0,12,1,169,2880
40,4578,12,1113,100,0,12,1,163,2957
44,4702,10,970,100,0,11,1,146,3007
48,4503,12,1130,100,0,12,1,164,2896
52,4397,11,985,100,0,11,1,161,2765
56,4586,11,1063,100,0,11,1,158,2831
60,4490,11,1153,100,0,11,1,171,2885
64,4559,12,1167,100,0,12,1,160,2939
68,4552,9,1020,100,0,9,1,157,2675
72,6755,9,1121,100,1,9,1,156,2892
76,4308,10,1119,100,0,10,1,166,2846
80,4244,10,1143,100,0,10,1,168,2775
84,4455,10,1114,100,0,10,1,161,2860
88,4475,10,1080,100,0,10,1,166,2877
92,4333,10,1031,100,0,10,1,163,2945
96,4392,10,1055,100,0,10,1,162,2940
100,4405,10,1004,100,0,10,1,167,2885
104,4490,11,1100,100,0,11,1,170,2970
108,4462,10,979,100,0,10,1,167,2954
112,4481,11,1107,100,0,11,1,171,2949
116,4525,11,1222,100,0,11,1,171,2864
120,4629,11,1108,100,0,11,1,152,3005
124,4675,12,1081,100,0,11,1,163,2766
