StartPhase,TailMode,FinalLocked,FirstCaptureBlock,FinalWindowEventCount
0,11,1,2971,172
4,11,1,2953,168
8,11,1,2940,167
12,11,1,2762,157
16,11,1,2860,169
20,11,1,2954,168
24,12,1,2860,154
28,11,1,2879,170
32,11,1,2944,168
36,12,1,2880,169
40,12,1,2957,163
44,11,1,3007,146
48,12,1,2896,164
52,11,1,2765,161
56,11,1,2831,158
60,11,1,2885,171
64,12,1,2939,160
68,9,1,2675,157
72,9,1,2892,156
76,10,1,2846,166
80,10,1,2775,168
84,10,1,2860,161
88,10,1,2877,166
92,10,1,2945,163
96,10,1,2940,162
100,10,1,2885,167
104,11,1,2970,170
108,10,1,2954,167
112,11,1,2949,171
116,11,1,2864,171
120,11,1,3005,152
124,11,1,2766,163
