StartPhase,FixedMode,LiveMode,FixedEvents,LiveEvents,FixedFreezeBlock,LiveFreezeBlock
0,12,11,160,172,4455,4393
4,12,11,147,168,4881,4564
8,12,11,147,167,4760,4389
12,13,11,158,157,4576,4516
16,12,11,138,169,4628,4397
20,13,11,151,168,4654,4643
24,13,12,146,154,4453,4362
28,13,11,163,170,4469,4445
32,13,11,164,168,4439,4564
36,13,12,155,169,4655,4298
40,13,12,170,163,4408,4578
44,13,11,164,146,4363,4702
48,13,12,175,164,4469,4503
52,13,11,164,161,4545,4397
56,13,11,168,158,4375,4586
60,13,11,160,171,4708,4490
64,13,12,163,160,4802,4559
68,12,9,154,157,4488,4552
72,14,9,159,156,4362,6755
76,12,10,161,166,4605,4308
80,13,10,165,168,4375,4244
84,12,10,166,161,4615,4455
88,12,10,153,166,4481,4475
92,11,10,155,163,4342,4333
96,11,10,153,162,4574,4392
100,11,10,157,167,4643,4405
104,11,11,169,170,4434,4490
108,11,10,157,167,4640,4462
112,11,11,154,171,4579,4481
116,11,11,163,171,4549,4525
120,11,11,152,152,4712,4629
124,13,11,147,163,4607,4675
