StartPhase,TailMode,Locked,RetainedCount,TotalEvents,OutOfBandBlocks,OnsetBlock
0,12,1,155,155,0,18629
4,13,1,167,167,0,18635
8,12,1,166,166,0,18567
12,12,1,169,169,0,18553
16,12,1,176,176,0,18588
20,12,1,178,178,0,18588
24,12,1,174,174,0,18550
28,12,1,170,170,0,18534
32,12,1,168,168,0,18618
36,11,1,176,176,0,18592
40,11,1,184,184,0,18521
44,11,1,177,177,0,18591
48,14,1,178,178,0,18533
52,14,1,182,182,0,18560
56,14,1,143,143,0,18744
60,13,1,145,145,0,18723
64,14,1,170,170,0,18597
68,14,1,151,151,0,18636
72,13,1,186,186,0,18610
76,13,1,147,147,0,18729
80,13,1,177,177,0,18573
84,14,1,155,155,0,18614
88,13,1,170,170,0,18656
92,13,1,166,166,0,18571
96,13,1,157,157,0,18729
100,13,1,167,167,0,18649
104,12,1,155,155,0,18673
108,13,1,171,171,0,18698
112,13,1,177,177,0,18572
116,13,1,169,169,0,18656
120,12,1,166,166,0,18579
124,12,1,166,166,0,18649
